PassengerId,Survived
892
893
894
895,1
896
897
898
899
900,1
901
902
903
904,1
905
906,1
907,1
908
909
910,1
911
912,1
913,1
914,1
915
916,1
917
918,1
919
920,1
921
922
923,1
924,1
925
926
927
928
929,1
930
931,1
932
933,1
934
935,1
936,1
937
938,1
939
940,1
941,1
942
943
944,1
945
946
947
948
949
950
951,1
952
953
954
955,1
956
957,1
958,1
959,1
960
961,1
962
963
964
965
966,1
967
968
969,1
970
971
972,1
973
974
975
976
977
978,1
979,1
980
981,1
982
983
984
985
986,1
987
988,1
989
990,1
991
992,1
993
994
995
996
997
998
999
1000
1001
1002
1003
1004,1
1005,1
1006,1
1007
1008
1009,1
1010
1011,1
1012,1
1013
1014,1
1015
1016
1017,1
1018
1019
1020
1021
1022
1023,1
1024
1025
1026
1027
1028
1029
1030
1031
1032
1033,1
1034,1
1035
1036,1
1037,1
1038,1
1039
1040,1
1041
1042,1
1043
1044,1
1045
1046
1047,1
1048
1049,1
1050
1051,1
1052,1
1053,1
1054
1055
1056
1057,1
1058
1059,1
1060
1061
1062,1
1063
1064
1065
1066,1
1067,1
1068,1
1069,1
1070,1
1071
1072
1073,1
1074
1075,1
1076
1077,1
1078
1079
1080
1081
1082
1083,1
1084
1085,1
1086
1087,1
1088,1
1089
1090
1091
1092,1
1093,1
1094,1
1095
1096
1097
1098
1099,1
1100
1101
1102
1103
1104
1105
1106,1
1107
1108
1109,1
1110
1111,1
1112
1113,1
1114
1115,1
1116
1117
1118
1119
1120
1121
1122,1
1123
1124
1125,1
1126
1127
1128,1
1129,1
1130,1
1131,1
1132,1
1133
1134
1135
1136,1
1137,1
1138
1139,1
1140
1141
1142
1143,1
1144
1145
1146
1147
1148
1149,1
1150
1151
1152
1153,1
1154,1
1155
1156
1157
1158
1159
1160
1161,1
1162
1163,1
1164
1165
1166,1
1167
1168
1169
1170
1171
1172,1
1173
1174
1175,1
1176
1177
1178
1179
1180
1181,1
1182
1183
1184
1185
1186
1187
1188
1189
1190
1191
1192
1193
1194
1195
1196,1
1197
1198,1
1199
1200
1201
1202
1203
1204
1205,1
1206,1
1207,1
1208
1209,1
1210,1
1211
1212
1213
1214
1215,1
1216
1217,1
1218
1219
1220
1221,1
1222,1
1223
1224
1225,1
1226
1227
1228
1229,1
1230
1231
1232
1233
1234,1
1235,1
1236,1
1237
1238
1239
1240,1
1241,1
1242
1243
1244
1245,1
1246
1247,1
1248
1249
1250
1251
1252,1
1253,1
1254,1
1255,1
1256
1257
1258
1259,1
1260
1261
1262,1
1263
1264
1265,1
1266,1
1267
1268
1269,1
1270
1271
1272
1273
1274,1
1275
1276,1
1277
1278
1279
1280
1281
1282,1
1283
1284
1285
1286,1
1287
1288,1
1289
1290
1291,1
1292
1293,1
1294
1295,1
1296
1297
1298
1299,1
1300,1
1301
1302,1
1303
1304
1305,1
1306
1307
1308
1309,1
